https://t.me/toplesofficial,-1001279115440
https://t.me/nemorgenshtern,-1001214137365
https://t.me/pda4_forum,-1001196199866
https://t.me/ovsyanka,-1001141576790
https://t.me/moscowmap,-1001003313758
https://t.me/truexanewsua,-1001199360700
https://t.me/ovsyanka,-1001141576790
https://t.me/yaplakal,-1001009062025
https://t.me/justmemes,-1001105198117
https://t.me/femalememes,-1001321922060
https://t.me/apros_i,-1001508381967
https://t.me/blyadtoivo,-1001311027302
https://t.me/hansontom,-1001438836419
https://t.me/ithumor,-1001057408216
https://t.me/fridaytv,-1001231026025
https://t.me/TNT_television,-1001435761200
https://t.me/brat_oracle,-1001130808837
https://t.me/ynchq,-1001491569338
https://t.me/topor,-1001288489154
