https://t.me/moscowach,-1001288481277
https://t.me/grey_zone,-1001263953596
https://t.me/ru2ch,-1001166834860
https://t.me/pravdadirty,-1001255428755
https://t.me/petrovtel,-1001436944945
https://t.me/shot_shot,-1001100158992
https://t.me/mashmoyka,-1001358614736
https://t.me/lentachold,-1001059815658
https://t.me/piterach,-1001238603071
https://t.me/oldlentach,-1001060302681
https://t.me/lentachold,-1001059815658
https://t.me/Ateobreaking,-1001271343429
https://t.me/nexta_live,-1001413275904
https://t.me/mskmolnia,-1001978277959
https://t.me/yobajur,-1001215324918
https://t.me/antonspletni,-1001368743268
https://t.me/milchronicles,-1001595839251
https://t.me/concertzaal,-1001488397299
https://t.me/kub_mash,-1001529002404
https://t.me/Agitblog,-1001099400080
